0,160,2.6866981428733214,5.886999879714293,2.5660429574468946
1,160,4.237652211529535,6.1861086822544085,4.233791852536083
2,160,4.444801838115089,5.317764227050501,4.320258663926214
3,160,2.6606734373355243,4.351455623930968,2.5859545976637897
4,160,2.9443140024749153,4.757173871364311,2.7749698449381985
5,160,5.288810720076377,7.390015864886796,5.288810720076377
6,160,1.9441776900833767,4.892847232979541,1.6769246721807038
7,160,2.4697787466591943,4.136229081894584,2.458152913965888
8,160,3.983007373557356,5.485472593872992,3.821993054710829
9,160,2.0806583358444013,7.362344440957826,2.0806583358444013
10,160,2.1443115342340997,4.253835641565731,2.1443115342340997
11,160,2.351054063972027,5.246032463820477,2.351054063972027
12,160,1.733018336763061,6.236424106028363,1.733018336763061
13,160,3.075656846235812,6.6967999914507255,3.075656846235812
14,160,2.333923513194509,5.316427815403738,2.333923513194509
15,160,2.808408267945132,8.741377922823512,2.6786177024998334
16,160,3.9513036195091455,6.8539654960243155,3.9513036195091455
17,160,1.996309483752231,5.202570256531221,1.8938294098255692
18,160,2.63093695435756,7.1470526368934335,2.1560747000124776
19,160,1.9354009033256105,5.873766325594198,1.8326701817004527
20,160,3.771267109192187,6.32176466597686,3.771267109192187
21,160,2.365256634391484,6.349423609948747,2.365256634391484
22,160,3.8329104020479368,6.013335726472847,3.804832987627295
23,160,2.7887934708302455,6.177256520649036,2.6795339638487663
24,160,4.2501931457385895,5.144465746351036,4.2501931457385895
25,160,1.984125274322465,5.428988850296296,1.8678077985005777
26,160,3.7611344541643237,5.654029904028877,3.7611344541643237
27,160,2.641472716135786,6.769220745487362,2.542241386363589
28,160,4.167177098829875,7.213442020382576,3.8737652312698474
29,160,1.450682634138601,5.719184048512962,1.450682634138601
30,160,2.8946242131490445,4.9113905023079845,2.8946242131490445
31,160,2.791920395746878,6.294969948526887,2.791920395746878
32,160,3.1295946968481663,6.274781538777249,3.1295946968481663
33,160,3.665450815407597,5.530879406066649,3.665450815407597
34,160,1.8907782784399254,6.813141286975579,1.8907782784399254
35,160,2.411265278085757,4.555701368938569,2.411265278085757
36,160,2.917033832636116,6.281970344598531,2.917033832636116
37,160,2.7672282136870328,4.865906867842228,2.753606776180524
38,160,1.7303097906991258,6.489501042813016,1.669166678527791
39,160,4.32522013031791,6.46764988106686,4.324622125225748
40,160,5.056309071266438,6.076706244420571,4.633119379779424
41,160,3.071833979196418,6.030931986747307,3.071833979196418
42,160,2.8611547233261847,5.6187942924866885,2.8611547233261847
43,160,2.787442254144621,7.102547220509465,2.630465483061331
44,160,2.030624922003888,7.004490667951801,2.030624922003888
45,160,1.8538010671071168,5.133111934215534,1.8538010671071168
46,160,2.342928766292884,6.789763752633741,2.190498324325071
47,160,2.693876099489547,6.717759290643808,2.4402261709442516
48,160,2.51221283771413,6.334318476207855,2.51221283771413
49,160,2.463976600370763,5.504323839786261,2.463976600370763
50,160,3.3510209215162647,6.377793944026034,3.3510209215162647
51,160,3.5922242296921683,6.425853642106333,3.2910529637508756
52,160,3.042046437259903,6.611619206536749,2.96168886216613
53,160,2.4670123219666147,5.102014734313241,2.4099477594540772
54,160,4.307902383573518,6.686818645960716,4.307902383573518
0,160,4.000249869557432,6.1440787914340556,3.873034921111729
1,160,3.0414447022779028,5.539003796452452,3.0414447022779028
2,160,1.6919085874379785,5.982198394309109,1.648154062822622
3,160,2.0919579232705954,5.229111405840805,1.8719838310463939
4,160,2.6735401299986647,7.478476108846541,2.3398913514907513
5,160,2.2922502836568617,4.852930621290219,2.223283979809448
6,160,2.2537846101581023,5.3730183425828955,2.239951887240955
7,160,2.3472228235155463,6.854680605136106,2.2856320018620435
8,160,2.105568750343434,6.56330965568348,2.105568750343434
9,160,3.043144927972821,4.6541653530824245,2.9260086470011153
10,160,3.596906331880438,6.8469383970847835,3.596906331880438
11,160,2.7278877975295637,5.829622871902587,2.634629587149798
12,160,1.604395490841818,5.158325381852108,1.5048283422239819
13,160,1.535996231063768,4.90074636720576,1.4805607929291298
14,160,3.6311720200394855,4.3447337550470015,3.5654796561518602
15,160,2.630065915218761,7.319918185256038,2.618277049741688
16,160,2.396669127459414,5.1272576821632745,2.291230880377659
17,160,4.76562883232559,6.937572878454258,4.741881629161354
18,160,3.0049226127837874,5.72073179366563,3.0049226127837874
19,160,3.5026940323959215,5.036220529256694,3.5026940323959215
20,160,2.385575745619418,6.475467017290339,2.385575745619418
21,160,2.480070700348266,4.915297357008826,2.47002542630344
22,160,2.529121965706523,4.706955524240697,2.507598824994798
23,160,2.4606463473856888,7.287800089941007,2.4606463473856888
24,160,3.2205553647849134,6.304141511356468,3.146594655784555
25,160,3.816381863727092,6.281467953434205,3.816381863727092
26,160,2.4373331478096985,5.769811471316709,2.4373331478096985
27,160,2.3459132399510256,4.9201060942564565,2.3459132399510256
28,160,4.152335819818379,6.279007229616908,4.149375147339123
29,160,4.026638164131813,6.749741615613188,4.026638164131813
30,160,2.3094261596284027,4.935742090404782,2.3094261596284027
31,160,3.727270165698342,5.471707984603886,3.727270165698342
32,160,5.288007264032857,6.8870110527621,5.224562696578757
33,160,1.9664008496368095,4.52302713692663,1.7759763687504442
34,160,4.6840261988253,7.211208968702229,4.680378746028888
35,160,2.15170911588549,6.332083714183376,2.1303030416860147
36,160,4.6341210572035125,7.6589456952093045,4.330514971476192
37,160,2.2114380465638064,5.464143260155926,2.2114380465638064
38,160,1.748886702809526,7.936684168295093,1.748886702809526
39,160,3.109204388922822,5.44607751185118,2.952398488466289
40,160,1.7976802911201175,5.633777320399262,1.7976802911201175
41,160,2.6620774185530096,5.762244380664315,2.6620774185530096
42,160,2.5346016390807526,5.393041781066416,2.4570840634864766
43,160,1.7106623710160858,5.367224314207531,1.7078892858400365
44,160,3.6080537611778665,6.920306015016796,3.273072084698682
45,160,3.7763161871036957,7.304171884292524,3.598359918576811
46,160,2.4112727326432024,7.365361471552185,2.387973190627097
47,160,3.4818267053344103,5.573647313736812,3.4818267053344103
48,160,3.5704100220288604,7.726678994602999,3.525462044594195
49,160,1.8336340569474412,6.504539377162994,1.665265954933077
50,160,3.269890299323168,5.915815200996649,3.2361758080833627
51,160,2.240824938113657,7.38027243164695,2.2070415855054817
52,160,4.878211129076016,5.682318885050972,4.764640991269939
53,160,4.090036823892646,7.1132636747683,4.090036823892646
54,160,2.8374070595749306,3.732323755786636,2.4843848420261816
55,160,3.7170293788169215,7.009139304493076,3.5451607677777908
56,160,3.1397417099602567,6.618012398710533,3.1397417099602567
57,160,3.641563410921848,6.133130826851264,3.622054732574713
58,160,2.5171184059657454,6.929920406976303,2.491748289295387
59,160,3.367170528097704,5.8685593339363455,3.367170528097704
60,160,1.6371217972104588,6.208232332458983,1.6371217972104588
61,160,3.2407361710180176,7.906321458753138,3.2407361710180176
62,160,1.7344884471709126,5.930029257293373,1.7344884471709126
63,160,2.532155910386793,6.7112434418703595,2.1138237918764116
64,160,2.5423550301836135,6.368554296103029,2.5423550301836135
65,160,2.1486111710977345,5.894033432664567,2.063624586957493
66,160,4.277651968162309,6.374704847988985,4.277651968162309
67,160,2.070868181792551,6.407161584944101,2.070868181792551
68,160,5.106052651735605,6.355705687945537,4.9599345899057115
69,160,2.4433545920677764,6.096731885079187,2.336318251348901
70,160,1.5517457002638413,6.069178687852953,1.5296027278069741
71,160,1.9201882771528391,6.008643037595507,1.9128959136826973
72,160,3.054448124681533,6.397671582794422,2.91258652358859
73,160,2.7425896001225354,6.1130619092312175,2.5859846513900697
74,160,3.367726286554629,4.894628322727905,3.367726286554629
75,160,2.052759782013847,6.578964985544105,2.052759782013847
76,160,4.08059948357453,7.581041995913191,4.08059948357453
77,160,4.974900831699668,6.0283767105087955,4.974900831699668
78,160,1.9077960571261943,5.848979879603705,1.8985399639368052
79,160,2.076160463774333,5.673306928461604,1.9827708020508852
80,160,3.2716234130637907,6.298302761309321,3.2716234130637907
81,160,3.1832781076488375,4.9557898718051705,3.1519047748257365
82,160,2.4253082971458957,6.199938831428253,2.1398266476768617
83,160,2.0924895078810266,6.380139904240175,2.0924895078810266
84,160,5.027560916761215,7.701876139338373,5.027560916761215
85,160,2.949745665798173,6.772903580639626,2.949745665798173
86,160,2.3395450624871157,5.253737624003742,2.113884670808095
87,160,2.900307229101312,4.811808776618417,2.900307229101312
88,160,1.953744411714093,5.4158943149423955,1.953744411714093
89,160,2.903271469653381,6.172507569690695,2.703923018522817
90,160,3.285804439617162,6.408260963525666,3.1412193566426647
91,160,2.6826209327761896,5.825579879843185,2.6186608682060584
92,160,4.059313154297255,6.922572119288861,4.019267222465303
93,160,2.35100815787498,7.171928510169533,2.35100815787498
94,160,1.6867388963325494,6.142709882643733,1.6867388963325494
95,160,1.2989438980290189,4.74294641269183,1.2989438980290189
96,160,3.4175758129748535,6.881813549631103,3.4175758129748535
97,160,1.8380536386766957,6.686229836399707,1.8216232976786066
98,160,2.6390762552750657,5.554175372425682,2.4189377825730913
99,160,2.745331600374775,6.9507152047956104,2.326679280573385
100,160,2.218093670990504,6.706481686702465,2.218093670990504
101,160,2.785469314063279,6.428651965778741,2.602128753893159
102,160,3.529873539285964,5.850775655626285,3.529873539285964
103,160,4.85794779891274,6.519575155820997,4.77651419735452
104,160,2.4930904191783845,5.241011936829957,2.4930904191783845
105,160,2.7741455908172363,6.681457748956471,2.3213199812988305
106,160,2.3990196515723667,6.235876291730489,2.3446078737019915
107,160,4.335436938678833,7.042833012733793,4.256287763082296
108,160,5.566838823151786,6.42903337081272,5.5038891576647515
109,160,2.3565441829896288,6.4414281785481755,2.3565441829896288
110,160,2.468334219881006,6.217713611055305,2.311946517033228
111,160,2.092887901409697,5.097730464077623,2.092887901409697
112,160,3.1961834435162335,6.044172642793317,3.004528188320354
113,160,3.6894525108710003,6.2703093396295655,3.6894525108710003
114,160,2.9897066631677167,6.242937137861737,2.486767951568378
115,160,2.2089711087167796,5.973131609738632,2.2089711087167796
116,160,3.5933439001162446,5.873960536125098,3.1439370239005022
117,160,2.5675797007451,7.201474387058762,2.409528299810191
118,160,2.59214483893485,5.541965083903664,2.59214483893485
119,160,3.2322818540330327,5.822672274684319,2.761180097781876
120,160,2.5179594684667674,5.308706162675705,2.5179594684667674
121,160,3.9521939692470696,5.943942943188437,3.694816904004039
122,160,3.733780495355233,7.725560435540898,3.733780495355233
123,160,1.5771826402267866,6.945199126249191,1.5771826402267866
124,160,4.124005600822023,5.954658553612392,4.12255512550468
125,160,2.168989631423904,6.12091955935736,2.0889881493434355
126,160,3.218141625620588,4.854133568565385,3.1818538584156233
127,160,2.6003099918176398,5.950314525885715,2.4439982300158007
128,160,3.4955511332394,5.9265768736892745,3.4955511332394
129,160,2.613270402335386,3.491760507174427,2.613270402335386
130,160,2.7862597765665935,2.4838476980031317,2.0806581025604243
131,160,2.283296170935405,2.9201265817242748,2.194498398029406
132,160,2.3464086010649847,2.5952198003448204,2.2039736628034263
133,160,2.1503837517688145,1.3731281416655277,1.3731281416655277
134,160,3.5273530262476562,2.4054001699771708,1.889753766672598
135,160,4.10280743724918,2.262533055236215,1.8962634525871904
136,160,4.402399711555949,2.5127224037193288,1.3403715774188818
137,160,3.7061653161798898,1.6401425528633617,1.6039811766339582
138,160,3.076477893002348,1.8572234689036984,1.137132778647598
139,160,2.9531418425093907,2.9622556133555853,1.5918004005980486
140,160,3.4180282140332094,2.85786248939106,1.5557273485783454
141,160,4.119678449756504,2.1963280121370556,1.5875025178837086
142,160,1.8310498931661667,3.2772173570015424,0.9692950977981611
143,160,3.4869030655586006,2.6273117021904073,1.5809699656644811
144,160,2.4202899852493744,2.5205918054037246,0.9518257600185496
145,160,3.3083954935625592,2.8533507879450553,0.991559055072763
146,160,2.4823163761845772,3.4865966140026305,1.4339977757208031
147,160,4.121251080477329,2.6604385465369185,1.621665370295533
148,160,2.776685536055227,2.971183620201188,0.7969420122170124
149,160,2.926801021391945,2.8565891414582447,1.550925159244523
150,160,4.6441756584852465,2.6805199723794115,2.022703842538491
151,160,2.142137009681348,2.5924712507952323,1.0875078709313744
152,160,1.766350715843965,3.3578811557707704,1.0806238252412521
153,160,2.1339383988171186,2.3673662011708934,1.0030461510109379
154,160,3.665573384996388,2.655723939086726,2.143519935668142
155,160,2.296176878732748,2.90474287102784,1.4808081259482768
156,160,3.2685869066528066,1.5327277494193368,1.28717141440809
157,160,2.9427520255967994,3.349814671216456,2.313787443122165
158,160,2.4131325471289755,2.323133089517632,1.116677285453651
159,160,2.220382050195568,2.118196694181416,1.1192113764667058
160,160,3.818015844134285,1.1294451350307224,0.8775423476957596
161,160,4.95720178174014,1.567970934354903,1.4856468791804087
162,160,4.025872610816266,3.433965359166904,2.8110613621134153
163,160,2.0399500870353586,1.7643669872762584,1.1194399929579997
164,160,2.5470416023135236,2.5971880151956594,1.364650879205529
165,160,1.793192179855525,3.249263486446216,1.4899656644798291
166,160,1.923529796560729,3.1254656034892894,1.3858953347867982
167,160,2.777467900749007,3.50576440429422,1.9129969610422555
168,160,2.852591935497702,3.005873196537197,1.4250774663015424
169,160,3.720142957341474,2.378197501398173,1.5466394248458957
170,160,2.8659322842362966,2.716616789750968,1.7612596575378794
171,160,2.3608849460625043,2.954329311458923,1.0263494818544803
172,160,2.865014349311846,2.2341284479474917,1.0451416507227256
173,160,2.4731248016925416,2.847497048902873,1.5128016732612348
174,160,1.748432486885585,2.853985104999231,1.273468836511889
175,160,2.499348057919592,2.4901856271322425,1.358049018523477
176,160,3.594005622465612,2.587877568609736,1.7064791020028058
177,160,3.2978722930779814,2.885900163486477,1.6188275291486736
178,160,2.099873833192508,3.258167318941604,1.7168638153026152
179,160,1.6699219920824004,3.2019890880076556,1.2862572008573492
180,160,4.890427199439267,3.5616735318928447,3.095287161872099
181,160,2.1539811799579947,2.589255263517663,1.383217039555284
182,160,2.433789461103622,3.2088615531793265,1.578627993273618
183,160,1.7595789547994944,3.240551666754825,1.31643797961323
184,160,4.457579341352132,3.0655948384097065,2.2239464952146375
185,160,2.2198346767779227,2.0476795004786332,1.1796572990198446
186,160,4.414056052733638,3.68077577462776,3.371275608821197
187,160,1.7928619455827237,2.598047821164739,0.8861837056366929
188,160,3.4093368040848806,2.659132515689602,2.5301026290819846
189,160,2.2853156823918632,2.095747845434676,0.9759592942715842
190,160,1.7921051516225786,2.472012458700102,0.9290966464119321
191,160,3.1497822779190128,2.8823472744512175,2.1428534878262275
192,160,1.547646382225774,2.2311695969902767,1.003822290372371
193,160,3.8076758196410476,2.6802974500260475,2.085998432739506
194,160,2.773840239095505,1.5844317816428763,1.3428361554061894
195,160,2.5917374254896433,2.44800355689891,1.0495515272174991
196,160,2.025330814904202,2.0627382200190842,0.854695847817455
197,160,3.299224258884324,1.908548513197761,1.346256341149921
198,160,1.5596358899192369,3.011451374541117,1.1379984376260184
199,160,2.218892256451974,1.8514244717426604,1.3500720441716045
200,160,3.214265925665857,2.43962067699956,1.0601155761374947
201,160,3.355378072963732,2.9938930274142144,2.203860666022899
202,160,3.1443975624460663,3.253659429193031,2.0537321679298217
203,160,3.2069258304654094,2.7831538648490235,1.5085439433433239
204,160,1.9111956722474182,3.0907520593637634,1.4895688393341402
205,160,2.8291601255683365,2.4205017969616063,1.199686633849083
206,160,2.827820370416512,2.868686272260435,1.7390699320596195
207,160,2.0594147576981414,2.4004854979050565,1.1863469443143841
208,160,2.277819238454455,2.6108770292657715,1.5048864393436956
209,160,2.17434463536588,3.0503375056634514,1.3001515877685232
210,160,4.520137699037434,2.7941338947206558,2.189902908904043
211,160,3.3783411505962,3.3199063225619363,2.4623176679147787
212,160,1.876168819563663,2.895563381952866,1.3082572525633847
213,160,2.222832244756318,2.3024829136433613,1.1332165476249567
214,160,2.7564619329209967,3.342089318789094,1.9036245657217827
215,160,1.3888771076449675,1.9531667393158902,0.983063904553303
216,160,3.1370223180536003,3.2339473092116253,2.397155057264821
217,160,2.6263182849239284,2.8986703769815776,1.567142638333184
218,160,3.301787670455221,1.6475507332693708,0.9188918477183139
219,160,1.5646021183528451,2.759177588178178,1.309912165480789
220,160,4.085679235672197,2.9228168479123817,2.6429500189773747
221,160,1.8300762617491413,2.869131679894559,1.2515290187214054
222,160,1.9972568283015013,2.422055108702851,1.3881855949119777
223,160,3.4060470105568457,3.099459165140807,2.3487632093863757
224,160,3.309311154234979,3.1676850134126417,2.6443146510041022
225,160,2.848033579563296,2.4642215931781024,1.450122019360751
226,160,1.5503366130135827,2.6604218125906285,1.4434999862262448
227,160,2.131847373504047,2.0226983411969637,1.427601582334774
228,160,3.4307266177121325,2.793114243032552,1.8527388129078648
229,160,2.3031110002741126,2.234924100612744,1.3530530385302224
230,160,4.461427778285961,2.111520371532371,2.111520371532371
231,160,2.6402985368698153,1.4094232326706764,0.6948378563548714
232,160,2.370002510928171,2.8206785820413693,1.2199588852968086
233,160,2.848339048165308,2.3258470712240245,1.690579576146988
234,160,2.4472436495984273,2.769616218432685,1.7280858971004889
235,160,4.079593384015355,2.871764959653042,1.9196795713733243
236,160,2.7420347206626827,1.9837719723686675,0.8736923309628106
237,160,2.6465062197966986,2.6753570540473812,1.8656642303005313
238,160,1.761932958191886,2.37596228279528,0.7787373485617497
239,160,2.7020594257508104,2.2846728818629134,1.5528334599064737
240,160,3.975066560611113,1.484211733863827,0.9340285653975712
241,160,2.6272627513200075,2.602078312906647,1.274331520131015
242,160,3.010704419152251,2.1236637789154194,0.9562691567590107
243,160,2.3151696437490563,1.2240982398088294,0.6310303281948388
244,160,3.28698265313807,1.9783497017151077,1.1355675089757529
245,160,3.6092950665262045,2.5939688713061755,1.9948312212039185
246,160,2.1723726349596197,1.6833365388689043,1.0842796283206546
247,160,2.1431819535301444,2.503549550133852,1.3774527941583459
248,160,2.78842277712165,1.1858095291153246,0.8591308380170969
249,160,2.685572851930513,1.7587610609913915,0.9821101418055507
250,160,2.5154277545134054,2.0541458306147358,1.2837107042517462
251,160,3.2873314347611213,1.346396819301343,0.8041433500704916
252,160,2.2520582541512035,1.8754783098922312,1.5255214168018458
253,160,2.5491887197936114,2.0616156905374208,1.6909121027767775
254,160,2.501985753143352,1.1865432061575991,0.8498452754986312
255,160,1.7045331238408135,2.1379532816855296,1.3989270843162667
256,160,1.989131306896302,1.7093025910338588,1.0904251231624555
257,160,2.278779464411455,1.889171125744456,1.1990346839971753
258,160,3.2744859990017696,1.2986837599009957,1.228987309136841
259,160,2.984948128474978,2.081940168888724,1.364867198446069
260,160,2.540172703874081,1.406650027610376,1.1967619883369085
261,160,2.565622667243,2.1529527332056544,1.7091488033179838
262,160,4.062969428169772,2.7185718042378992,2.037361761170377
263,160,2.864248150896568,2.3744592365523602,1.6232636885648475
264,160,2.427232928765641,2.3573138510864964,1.4467915363839146
265,160,3.174622084833925,2.656758545458546,1.8863050906005359
266,160,2.386621106134341,2.532108106726877,1.3523398506407223
267,160,4.05121732938465,1.673108011528115,1.374489433014843
268,160,3.2806892797392666,2.301541606883189,1.7891556909665611
269,160,2.4173659909759784,2.5522553919525985,1.7831857200793284
270,160,1.9569627814804103,2.235118287305363,1.077772316613188
271,160,3.728329023149134,1.8166712999584604,1.471236960957335
272,160,2.743123633730414,1.4925340230992867,1.1517018716488363
273,160,2.1842113234785825,2.176447161474417,1.1154011601095277
274,160,2.9457328901666755,1.491739215321839,1.415263127168303
275,160,3.72901074747598,1.7364923916861985,1.1725401566503024
276,160,4.057470648427803,2.127966739229826,1.913599291509677
277,160,1.2845828090925269,1.5463472511325065,0.6154141856572745
278,160,1.8664994824035486,1.6653848511545928,0.9971486462065179
279,160,2.57932933563077,1.7504617591041585,1.2034362957392628
280,160,3.5332463325667227,1.7356876086246924,1.4698636919443866
281,160,2.8390688249411404,1.7143646727236939,0.9802199660027637
282,160,2.365634906225722,2.8320138233807977,1.4707108364576011
283,160,3.0789234337824287,1.4324437105688046,1.3245405942367663
284,160,3.6808842683797898,2.8610394329753026,1.9882633475919695
285,160,2.2199459465773264,2.6818605702237432,1.1065965177679429
286,160,1.9933981409831945,2.8054329220938845,1.430573512309698
287,160,4.78814790236694,2.167601630041831,2.163940014431378
288,160,3.939589504800403,2.046446675552313,1.7393785443364138
289,160,2.1560219604833724,2.01355385359585,1.1078309706107723
290,160,3.2548745313440026,2.2300547123306185,1.3216815000634112
291,160,1.6301105870754586,1.9871292977679023,1.0588558986724974
292,160,2.0393881303691006,1.8062671111474786,1.2645730571489664
293,160,2.122798868701705,1.466377432149132,0.7658140258351133
294,160,2.73176243181444,1.9334610057183141,0.6301585272892544
295,160,5.001780484017744,1.4906395493929294,1.2622874684963867
296,160,2.172138691547142,1.386506817153518,0.972253000076901
297,160,4.487351238041648,3.4787621098862442,3.0658281903565516
298,160,3.4543223632800806,2.607456759731379,1.6985095329363642
299,160,2.4498582671097853,2.421140599828115,1.3951507165043682
300,160,2.971425639062975,2.8500067696905265,1.7388589253152122
301,160,1.3797361394073353,1.8269513691211758,0.814377942455458
302,160,2.431591287303714,2.725918430286816,1.1158148885875603
303,160,3.5122089486163297,2.5565225452833427,1.7246435620058824
304,160,3.9107429373144105,2.066379480052757,2.0234812452106268
305,160,5.2447332466687175,2.710363672140582,2.671465286106674
306,160,2.393882618723835,2.3029973574364617,1.3704085433465347
307,160,5.044719106013025,2.95486395213345,2.3373398463192494
308,160,2.1288238457497304,2.3226987957685163,0.6745635988956794
309,160,3.162260460650195,1.5873915753270904,1.2827541290734517
310,160,2.2453923441756474,2.5904321655927123,1.7109244357199198
311,160,4.739083740601948,2.250396183696913,2.1340551187025327
312,160,3.238943135234107,1.0263220702782876,0.6479298658648884
313,160,2.3382658003626653,1.250762299542776,0.8520137138115524
314,160,3.296966922959678,1.8868874667629403,1.8695488630172903
315,160,2.6711254023732716,1.5007082211790805,1.160494633163435
316,160,2.5713031756997315,1.6178671201414847,0.8092908427453065
317,160,3.170098828764502,0.9223226655562975,0.8852266848931732
318,160,2.9497597900911057,2.4251342515317003,1.8371129541499156
319,160,1.9329009583999006,1.8631522460325232,1.1802461981135466
320,160,2.495315634200904,2.4508124982569566,1.3140781982493206
321,160,2.640816796081722,2.450284685260255,1.9206921285815903
322,160,1.5692572147530832,1.7601979555096505,0.9744425631038482
323,160,3.807656687194969,2.756145205591139,2.4188099776963257
324,160,3.47091809309239,1.935233921364147,1.5237737180819533
325,160,4.686724536901805,3.0863415628202815,2.6370048817999416
326,160,2.4162980700550483,1.3552521864956013,0.7266837957124833
327,160,2.850269727602913,1.7362261163229287,1.2926187649790315
328,160,2.8638766142258105,1.2028978697727652,0.7613862815889736
329,160,3.9246237003691973,0.9124391004438754,0.8739515388868496
330,160,2.7215549621825676,2.057279565345764,1.2340407514104896
331,160,2.5974245311343767,2.0012810087228328,1.1837128425536974
332,160,2.004671295262165,1.8866106944487482,1.3406526428868069
333,160,2.0890096870947215,1.961780963146703,1.1132750613197844
334,160,3.651252355078858,1.2186838578392638,1.152157090693311
335,160,2.1160398392862136,1.1145397264706245,0.6560678110100348
336,160,6.403139483109707,2.081502582601204,2.081502582601204
337,160,1.4773665708652397,1.9908755182666749,0.9042823551670724
338,160,3.1864265622303516,1.005938455858387,0.8086744255501744
339,160,3.4162518736693444,1.3311771957712433,1.16870924214516
340,160,2.520180424875967,0.8275471091756909,0.7413980203657814
341,160,2.2191676110469323,1.9074174923876661,1.3069572325494698
342,160,2.8270795214121276,1.167394404901339,0.7986373710345677
343,160,1.8680753784751822,1.6776577784406934,1.3359650883702443
344,160,1.8780746647576407,1.4487267540877329,0.9700189572370758
345,160,2.3064655804631355,1.5108161919436973,1.1527371279196916
346,160,2.1899084963785005,1.6405662383643507,1.267108218305891
347,160,2.654900038524522,1.386766745992859,1.1156230957110187
348,160,3.6488073357544395,1.3552995971450765,1.2814441422300347
349,160,4.487750899975802,2.328241658702488,2.3120335696146594
350,160,5.163774898196412,3.0161847565981055,3.0161847565981055
351,160,1.7918596057311735,1.264197279072485,1.1066358970390828
352,160,3.506088810282917,1.3763091185715226,1.3615252430964035
353,160,4.094032867091852,2.4991251885417203,2.4991251885417203
354,160,1.7315536506086506,1.6297283754686216,1.4647081026128326
355,160,3.999554291390968,1.8887478766668313,1.7546772146268939
356,160,2.6385872845898257,1.247415018674139,1.0869253113127126
357,160,2.154920856177353,1.3321959082832444,0.8997092107932599
358,160,1.93497149252104,1.2331216795175066,0.9522516630838926
359,160,3.234606840164606,1.9257918791787163,1.9097139809285164
360,160,1.9478229488091274,1.2159545669660117,0.964268150384553
361,160,3.466163684516176,1.6887037498156179,1.5827587718267273
362,160,2.572249809072898,1.1736635948318894,0.9588772616593475
363,160,1.827080469526149,1.2439101392682328,0.8630472307438902
364,160,3.352870112804348,1.5266870845181313,1.3734275705643288
365,160,2.5036396179509848,1.1009852897369898,0.9409051057295976
366,160,3.06968518767473,1.1002002086289242,0.9762671624954206
367,160,3.4086163602577395,1.9562562300894781,1.7517148056275085
368,160,2.8547748489161178,2.13066489829754,1.8407166915060715
369,160,3.380133760728619,2.78950432426018,2.46795039065715
370,160,2.2090940347907386,1.5912321856963567,1.3706618315381476
371,160,3.606309132454971,2.7046810841906805,2.30048077412759
372,160,3.614711831528613,1.8755197412208426,1.723901438760308
373,160,2.498331587079715,0.973827588153104,0.7251805477505483
374,160,2.3824732799875026,2.3669932204043937,1.9736668201697884
375,160,2.0899775355452705,1.1209974107108838,0.80391597545601
376,160,4.614477769012082,3.603727623014249,3.342643698622444
377,160,3.016016575434573,1.9190167055673093,1.5310456430029316
378,160,3.15541515604584,1.4639487928303005,1.348511515865321
379,160,2.859507261234133,0.8862908190956142,0.8659982420050537
380,160,2.8022202023099014,1.4494480760574253,1.4426223771567892
381,160,1.8584863313682036,1.0014779715551927,0.6331657704721395
382,160,2.0047398593239425,1.3635977588040615,0.9783057918311815
383,160,1.9899312379082807,1.0054575500406395,0.7627079768954045
384,160,2.72272050400785,2.349548018673176,2.037404035092804
385,160,1.5486645435101554,1.9958967719606737,0.9911742928953398
386,160,1.3747180488365158,1.5212878850709053,0.6731214920680005
387,160,3.0794900567821486,2.220840680861007,1.2739983719508445
388,160,2.7185162206756757,2.1112783370413846,1.8180351656289921
389,160,4.084069871410869,1.8464971656434146,1.749721395938075
390,160,1.8827023757616481,1.6910417119862846,1.2935105610522462
391,160,3.6908594918378688,1.6541655633680543,1.5213818305173765
392,160,1.8611421451024943,0.8784108665426698,0.6957391927826587
393,160,3.0173868622250337,1.1641058870629821,1.006836064368548
394,160,3.357996817339314,2.0955273455327523,2.0208511521676815
395,160,3.3336176550222594,1.7876091954558555,1.670120303919218
396,160,2.8778351325173994,1.0187426904735437,0.8525321170745251
397,160,2.6288581392556805,1.4577106396328168,1.4168705169085944
398,160,3.006069667023615,1.9472947976118036,1.8822052863806702
399,160,1.8593281931099506,1.4177094535885288,1.4058556299263887
400,160,1.9235989006831744,0.6519929246676189,0.5073833585557559
401,160,2.7947242792538485,1.5475268904585242,1.5475268904585242
402,160,2.765639026009527,1.4298082882243515,1.260967105512385
403,160,1.560283325777412,0.6789751317232112,0.49312165606922387
404,160,2.4210903628875595,1.408084501410238,1.3034696706416227
405,160,5.087323544841447,2.2647647412712337,2.1944283996450507
406,160,3.6861330046503515,2.3193587940140343,2.1887243756954002
407,160,4.003649456921621,1.8168973371504844,1.786999014611768
408,160,5.122730469113924,2.7068477293801014,2.5847044863589463
409,160,2.091015540429033,1.1771206828856795,0.8894678685194434
410,160,2.9611952800831824,1.1451814712807584,0.7046636385941967
411,160,2.7331262987079232,1.0187198260233845,0.9683746504424842
412,160,4.495735533590351,2.230853694253004,2.230853694253004
413,160,3.1727851437076144,0.7546822448116568,0.6153911481252814
414,160,4.073881407424601,2.7599337061211724,2.619203429956604
415,160,2.461086867564459,1.1236788941213633,0.9149842571550405
416,160,2.7163899337166195,1.4796208802219224,1.398077145392641
417,160,4.559764813704753,1.5533088334454845,1.5533088334454845
418,160,2.9556065233798425,1.3360123572950182,0.939996848025276
419,160,2.8268803476605715,1.5668269879332064,1.3617972387102046
420,160,2.552736673662589,0.8853141794036264,0.8853141794036264
421,160,1.9606925342182147,1.3615969954221219,0.7513162975102176
422,160,4.131756936145016,1.307366919855378,1.1502369946155702
423,160,3.0178381901482445,1.2709889113737267,1.1342475007386057
424,160,2.4548326370044387,1.010382342081864,0.9074639859157577
425,160,2.998173781341799,1.6145064244247855,1.51505971483351
426,160,3.0177401511140576,1.6822013171513066,1.1118424273682785
427,160,4.118024757847873,1.3662192736309624,1.3319794769696727
428,160,3.4559606071090734,1.363816430698934,1.3571676970441093
429,160,3.095652106554815,1.24348119411126,1.24348119411126
430,160,2.374928878080081,1.3335851665669929,0.8932027237996932
431,160,3.463158383218637,1.867171862452697,1.7570885040434436
432,160,1.793815265454946,1.703511774534421,0.879729235044341
433,160,3.2616720311781746,1.5812717517243957,1.014906713491399
434,160,2.7194169491196094,0.6891676791386177,0.6482231662293383
435,160,3.7380481445414144,2.2340585993795745,2.082939409224842
436,160,2.411715639407281,1.0642358471491682,0.6684178049990409
437,160,3.3932264764465656,2.0672701383793335,1.9666682227426346
438,160,3.006312808344534,1.038520561671237,1.0147181009859012
439,160,3.5205392936088016,1.477131002745751,1.1786598144206657
440,160,2.858437306912865,1.616652263560543,1.2092677456493508
441,160,3.5332236531119112,2.0636064731373653,1.6780076586567503
442,160,4.58427432890029,2.3018084130982537,2.194358031827204
443,160,3.1004901365990714,1.9428659734405955,1.5990467355204714
444,160,2.6894740344887067,1.7429874500167137,1.2277086167102023
445,160,3.2649010016616686,1.1589563673666188,1.1589563673666188
446,160,2.7599404449370453,1.6342709037667789,1.0045536361190417
447,160,2.6282665551787963,1.2174159734671033,0.8477484792447327
448,160,2.986936771925406,2.0969770685260896,1.583656965332798
449,160,2.546128273058818,1.0511288139372241,0.8731230654700642
450,160,2.365740832607091,1.6034894972738853,0.7693659641356049
451,160,1.3723552761580216,1.3105495144088883,0.8908043276274479
452,160,2.4354051899971414,2.546898981982247,1.9358453214504334
453,160,2.574170814057227,1.1191811747791474,1.0282187217252625
454,160,2.9903853548769375,1.0236482636149,0.8438843963330505
455,160,2.226416440766518,1.9009134853567162,1.2629525662798045
456,160,2.312336720543636,1.9137481667116385,1.2473575861662798
457,160,2.6162597307711177,0.7333727673448166,0.690237103701752
458,160,3.3886009261543344,1.1829116341073973,0.9378273522772907
459,160,2.2965394792531697,1.524359644127933,1.0498737078139389
460,160,3.5563304035370082,0.8804917545594654,0.8804917545594654
461,160,1.840870438760231,0.9758764696985317,0.6804380052067925
462,160,3.227034964713642,2.2002930344778675,1.9166051697351865
463,160,2.062191855915018,1.9394651264909208,1.2688999806334835
464,160,3.067779964021718,2.482584687187605,1.8915861729673529
465,160,2.4954130326951374,2.0492048657075927,1.631258053892205
466,160,4.049949111058146,1.2937183275247446,1.2794884592369717
467,160,3.46261971282783,1.5583534974550013,1.532176238506964
468,160,3.287389499352409,1.023509560090415,1.023509560090415
469,160,2.2014798692148183,1.100279461109318,0.7494677824421495
470,160,2.421983280808843,1.4556513179549166,0.9271232732348338
471,160,3.0027197052868164,2.026831190911042,1.8066399180089885
472,160,1.5694304928107625,1.1509414496533255,0.6703679014070235
473,160,2.2372111650476576,1.4597409949502989,1.1560118129518067
474,160,1.9200557000022238,1.2053351608017018,0.8168919722189041
475,160,4.707914834660584,3.486846286491111,2.6688225871122087
476,160,5.918446788832879,1.79723946044792,1.79723946044792
477,160,2.735276163457948,1.9817007230884518,1.3361933412649323
478,160,3.3831122549477497,1.6287206040496816,1.6284091373214242
479,160,2.657207223969047,0.7108793738179776,0.6793825432910326
480,160,5.4260291345245895,3.973161003176466,3.278969760862005
481,160,2.1945316553161,0.8955580466583036,0.4969171367026113
482,160,2.813624224309016,0.9968740084897962,0.7604935327547436
483,160,3.034076924326927,1.8960140229347902,1.5461306519632143
484,160,3.8976813410420963,1.6565025748521602,1.6565025748521602
485,160,2.1491223424103674,0.7658826126550484,0.7267166746456707
486,160,3.8117400383945443,1.094101484356675,1.0254610481641162
487,160,2.463779409316284,1.503138941003462,1.2659644587093648
488,160,2.481867515793945,0.6680764550710431,0.6307498912963799
489,160,1.7862465577022884,0.6025045448782658,0.4565602014694951
490,160,2.995448669417295,1.4391306231090222,1.1374192067608653
491,160,3.224986240586054,1.0550015150034768,0.9508890135217456
492,160,2.4523622876318663,1.0280089930419982,0.9081408932987516
493,160,3.1703866041515836,1.1497045320671149,0.8527698102291261
494,160,2.1082976868847045,0.8619809828627409,0.7340060535409426
495,160,3.023561203145105,1.5387851181821532,1.52203736789565
496,160,3.0094923430519547,1.6844427494351668,1.6844427494351668
497,160,4.357303787112487,1.670291845072711,1.670291845072711
498,160,4.189942702416032,3.19738619614248,2.3204537295581393
499,160,1.7483617256366832,0.8240045193267287,0.7362344815876124
500,160,3.046749357177375,0.880198945651962,0.8611249313507469
501,160,2.147166841418528,0.9213182542129533,0.800509063504875
502,160,2.4845657858619754,0.794529542004255,0.5867559253970869
503,160,1.945258819767281,0.7032632559836949,0.5973918924797847
504,160,1.764229666005792,1.3432850039033948,1.2242269939950463
505,160,3.3655954013078877,1.8666491378735313,1.8666491378735313
506,160,2.4829778168334045,0.9861480590999705,0.8956459597845996
507,160,1.616870935542638,0.8837672204557009,0.6147511737326653
508,160,2.79694373391309,0.8474457830641465,0.8441211170842482
509,160,2.736817399474169,1.445118509181517,1.3539788325590816
510,160,3.6313469157943983,1.7169936598266038,1.7169936598266038
511,160,4.5789843857797505,1.6630740695485657,1.6203678208848293
512,160,2.300063538099952,0.9168743408605741,0.8702093609432865
513,160,3.762533615199471,1.7532337306907566,1.730508617848859
514,160,3.882076431435533,2.3779544487598514,2.2085009093094894
515,160,2.0734412035170235,1.5657691230571804,1.4575527058396844
516,160,2.399022087774812,1.3967913251563207,1.2719792466878976
517,160,3.8992941057234547,1.676406851973639,1.6379027910668096
518,160,1.7796858551471166,0.6444096765329962,0.6112167484241162
519,160,3.952265278943164,2.607624335603036,2.4136159223689897
520,160,2.699366579791378,2.0193433386144393,1.8284682121981954
521,160,2.34120567565227,0.93737818875973,0.780230069492503
522,160,3.435321571746153,1.8363686599284277,1.663444961035218
523,160,4.081730381004269,1.3662548300212956,1.3366952630788307
524,160,2.8368446242004954,0.9571396550443924,0.9571396550443924
525,160,2.774570832230885,0.9805828147100811,0.7596012305900626
526,160,3.623920444826673,3.1550859765109798,2.4024363935162136
527,160,2.618672323854989,1.3004543235395862,1.1678524472075622
528,160,3.6018296584068397,1.6424906809784128,1.5537100432573014
529,160,4.26360295726997,1.481349462848152,1.1771816152705972
530,160,1.842121067583054,0.9693526757597034,0.759185553970202
531,160,1.9069242457488977,0.41599598367140966,0.4070204939468065
532,160,2.8754121663004732,1.3566987167686273,1.2284520779421457
533,160,2.8925467292524885,1.3765491241722323,1.0898343212281667
534,160,2.6524061937852164,1.500897578171112,1.3714960999469783
535,160,2.1715358688460435,0.8889866058567811,0.7922014989257572
536,160,2.727452033598372,0.7101368906793836,0.5212742731309145
537,160,2.153304516674645,1.1881465375050027,0.978427297687752
538,160,2.620689171958124,1.1817916416070047,1.0964812918571198
539,160,1.8461877303628098,1.2484055921559878,0.9208503092840739
540,160,1.7143781670796527,1.3323045243688785,1.0712038323254012
541,160,3.270534931363676,3.3570128419935528,2.1831467832051574
542,160,2.1966195366480874,1.3008554487889439,1.1584528837451742
543,160,2.8828740001134467,1.5882716538900217,1.3465503508159842
544,160,2.579993445185159,2.015246372889035,1.6247089450444658
545,160,2.6016558365489852,1.2792957734480022,0.9232399040116529
546,160,2.623628384447549,0.7492569093341537,0.7492569093341537
547,160,2.4375111256708406,0.8795844350276385,0.7981122880014077
548,160,2.8749898650860306,0.792457595372493,0.607444075573004
549,160,3.7822579190682113,2.3430678273219914,1.7613359610519885
550,160,3.8855499321971068,3.4031668308493983,2.417965992904445
551,160,4.118155961886216,3.865650491611868,3.0163530146972275
552,160,2.017977819177578,1.370230643116971,1.1133381520361696
553,160,3.6607843641474513,2.928428249549505,2.2512124994940876
554,160,2.642700038092749,1.2363976739439058,1.1913922118135234
555,160,2.586986862807122,0.8730078802603579,0.45903904545972724
556,160,3.237598075809575,3.9281507204703123,2.2785326663474335
557,160,3.513079814928374,1.913749002602878,1.6012543658642482
558,160,2.8318839821294426,2.213604146122098,1.6072956223254264
559,160,1.5868679583405656,0.8451380134582968,0.6175356132371609
560,160,2.7038867360283625,1.4062203805967683,1.0329960330034862
561,160,2.0551544210229347,1.1716631727098559,0.9852452674848843
562,160,2.0140852205076234,1.4874994900116816,0.9557829129132862
563,160,2.7771843925425177,1.6475971959266567,1.625002637358303
564,160,2.707268550534359,0.6630412794223904,0.5641103373775365
565,160,4.430197817196601,3.0110010875268154,2.459027226178751
566,160,3.0181111651257995,4.01335466451602,2.9803498682275396
567,160,3.060195343563977,2.297899433893452,1.952904915508247
568,160,2.760408627067198,1.659642743434298,1.138734119936738
569,160,2.816780310502328,4.187990613517323,1.800133230649267
570,160,1.888082625320677,4.239809074232346,1.4421215504942926
571,160,4.139543983526691,3.5206702203690114,2.6733727260519906
572,160,2.728510219028515,3.080346523770595,1.305937079790917
573,160,2.7812724720868585,3.459109115774037,1.5015289340916214
574,160,2.3361793326340297,3.1891033248398664,1.694383106020335
575,160,2.305466862087096,2.312417420168886,1.5710756492883626
576,160,2.7861965587383297,3.6431077786319586,1.8689361217215223
577,160,1.7891486987521878,2.30762835295284,1.0296500413839402
578,160,2.161242140172094,2.5765449781225462,1.6709714038031458
579,160,2.0600977143880743,1.8166929232733724,1.2767708768247787
580,160,1.642405934941288,2.529804882021119,1.512401368912159
581,160,2.290211400584086,2.369453475102825,1.3821143099182818
582,160,1.8104602244183263,1.820804083299189,0.7129692398166323
583,160,4.491640741321287,2.9555691693289288,2.513332631679635
584,160,3.0038285376121667,2.6475938195569584,1.9365068998962436
585,160,1.7920682619316555,1.5661405598870395,0.8923907022636922
586,160,2.612359870751944,1.401968200059761,0.8843590416245651
587,160,2.9447617355125657,3.015744808933456,1.9779694301629223
588,160,3.2036566163525295,1.851676592011672,1.698774619078356
589,160,1.9470819469972065,2.284090974370743,1.6628645570536276
590,160,2.9902302374730536,3.9647351669802293,2.4018562064126017
591,160,1.95115223634685,3.3555676178263996,1.679649936212236
592,160,1.6612467918420064,1.938127948621853,1.1824831773210076
593,160,1.872782713633915,2.004331624145541,1.2716937227412004
594,160,2.3808712508696304,2.5757072517165276,1.7491006816483514
595,160,2.4932866683312525,2.980741340928969,1.8047383311138885
596,160,4.333677422586799,5.121852548063236,3.8951813681806895
597,160,2.2524809012898355,2.3372120517281347,1.7013527663254335
598,160,2.381347692411602,1.6599606472525232,1.0421898356781394
599,160,2.309728277732157,2.5694454387145083,1.7528981292681465
600,160,1.6282525114369832,2.1748879628361837,1.3442224707327315
601,160,2.154494919103266,1.4444195089871399,1.1369008590603729
602,160,2.130573733102763,2.231627886555474,1.6839673042868057
603,160,2.2142616076084365,2.9847599793236084,1.776661000010692
604,160,2.3686996315482607,3.3962190529658,1.902062383170825
605,160,6.229325629666266,4.821236014489053,4.697406915105644
606,160,3.3873960134750494,3.085535573473701,2.372639768662057
607,160,3.7135657528506063,2.779475916532875,2.1119374850883155
608,160,2.743155708604649,2.209177412335388,1.3471649885730783
609,160,3.3795884644590934,2.0659634987118753,1.5237199357798394
610,160,1.9804036927026065,2.211732982919104,1.557809535245797
611,160,3.2929389903649384,3.044336835595026,2.5777270791535645
612,160,2.140819534698412,1.7407062232741664,1.562909201533695
613,160,2.5359810421359317,1.706178170873413,1.0178309067669098
614,160,2.1456972754912167,1.7642903178937501,1.0658102826767208
615,160,2.635769744174404,1.904201665942956,1.5238916053601985
616,160,1.7655276225014696,2.03546855583134,1.2443057131886142
617,160,2.348677190332891,1.4765510441161973,1.3746312653074322
618,160,3.216944867941524,1.6007813706103369,1.2730232295688628
619,160,4.171616584495153,1.6815319636454515,1.6030244039912334
620,160,2.1050544855305104,2.005527797384078,1.402485885932181
621,160,2.1887683537124794,1.4177940817153745,0.9911171461434939
622,160,2.0482576895028104,1.6922687831111463,0.9958889987509538
623,160,1.8373494826108072,1.061367330688441,0.920306254608123
624,160,2.0970440790993776,2.577510691705854,1.4706766274023502
625,160,2.536533874147956,1.9331609704740829,1.6549373619557948
626,160,2.2772385384012317,1.3344192307358493,1.2405850582077695
627,160,2.7802154779242856,2.985654430460334,2.3920020938629514
628,160,2.5424871457582534,1.7605612986771588,1.2844002753209445
629,160,2.506472771648263,1.5856281457729624,1.056484810447722
630,160,2.31730612491448,1.3174269475767486,1.1066593172953132
631,160,2.5061626619945914,1.813333603188275,1.407449404784814
632,160,2.3888764165274488,1.2834242375724711,0.9287631517987779
633,160,2.7917905648719685,2.040999565369974,1.535139523252569
634,160,2.2898252931867966,1.8909789716146679,1.2395821633645305
635,160,2.6061652982689756,3.008517262307785,2.3359744751148734
636,160,3.2319988891442764,1.542909729390208,1.4170349717401958
637,160,2.740747280235873,2.2021307218768396,1.8777590935802615
638,160,2.4488488050976005,1.8622206691355627,1.285377440214113
639,160,2.639424090942158,2.607557644311268,1.651890771766954
640,160,2.0620711977533412,1.8720960292166804,1.0690932544944571
641,160,2.198513071047184,1.1056396744030148,0.551949431614464
642,160,2.588744212823014,1.3640292386606487,0.8497993147578363
643,160,2.715560192933145,1.4941964282787314,1.2113018770369415
644,160,1.5529159838509796,2.080641279836785,0.8842731389482323
645,160,2.4558635872201795,2.5931909938291184,1.698501252938413
646,160,2.5388297118399716,1.6662212059039443,1.1131280908875603
647,160,2.401797327750892,1.7350412421050745,0.7284436307615048
648,160,2.9467757232604606,2.5819765912896084,1.9938345915011386
649,160,3.353279054055281,2.6205106056943026,2.2204082137672674
650,160,1.6570032042214615,1.5021606912169245,0.9626534836055037
651,160,3.004950716656102,1.1922778642869145,0.9733037619408995
652,160,4.955337498121348,2.49623268026373,2.3995012249724272
653,160,2.0881864195443054,1.831072394270759,1.2127722251565802
654,160,4.781211064460363,2.200862011989542,1.933694645994952
655,160,1.9702298311852544,1.4479539470447866,1.1892918080492918
656,160,2.651280691577225,0.9241607301370104,0.6187768962145139
657,160,3.7406587446764537,1.4124755595139311,0.9256002470835404
658,160,3.7272557381817917,2.7114846634465914,2.278685634175435
659,160,2.42936462499806,1.3490246714008112,0.9741128515038512
660,160,3.9362004100906836,1.468596381889715,1.430863606898636
661,160,3.928049327841753,1.9660406648421405,1.7631669831728598
662,160,4.077067916019528,1.6032538573282409,1.487876283783404
663,160,3.199989610298579,2.508356482695008,2.0735455858855194
664,160,4.2742413247750735,1.609581543610926,1.3306422790541326
665,160,3.037093438606426,2.3336633081566247,1.6758658689256263
666,160,2.4309533835798796,1.197045036485518,0.9650564242078818
667,160,3.370739640721434,0.9521551342360162,0.7261957284340813
668,160,3.3246238825446346,1.5048921342566997,1.4307298539685809
669,160,2.481974471094526,1.4486326988442528,0.9095438043447003
670,160,2.8940256289541506,1.7239727766663377,1.4999469334128053
671,160,2.8230775948735087,1.3098412641669055,0.8339260894894812
672,160,1.495864568221486,1.15083837559725,0.871389177440883
673,160,1.9491059360517977,1.2997577381069843,0.7815386566100511
674,160,3.738695661453003,2.8148032425433502,2.1786081895265
675,160,1.837474524144272,2.032216855389367,1.3142329375378008
676,160,4.323345891481247,3.054890306494281,2.8629749157767463
677,160,4.053707923104651,1.2451859875681774,0.9751129769948846
678,160,5.208058372558501,2.8386104893553266,2.8096691955863213
679,160,3.944742296104539,1.7574550428591915,1.690568021477512
680,160,1.8651587975499782,1.3568478182259989,0.9645669281697602
681,160,1.7467357582945744,1.813355346052307,1.1565367483103182
682,160,2.20146309214268,1.3171043996117848,0.9891152866331306
683,160,4.428910263366632,2.589268199893438,2.455854477906542
684,160,5.505255527199437,2.8355893467304645,2.7602442713035913
685,160,2.2934365165167385,1.897369633340942,1.473126188381711
686,160,2.333451375726512,1.6476712216379072,0.9655539526987859
687,160,5.395228346041228,2.9721123759740355,2.850663613484475
688,160,2.278053267346621,1.551047244507284,1.0660112242398105
689,160,2.1707541159887587,1.5621124031868967,1.173040955384946
690,160,1.9792263806109365,1.6892306981322263,0.8482458999215062
691,160,2.989973246904494,1.7473296484476566,1.4445712188280337
692,160,1.9667306407479759,1.3910156494113126,0.8477064417411847
693,160,1.9789793160545393,1.5704305895578243,0.9375066328754487
694,160,2.0851094959692715,2.1398500626276986,1.3973484353244041
695,160,2.246384353617506,1.9263870748620786,1.3827546454439075
696,160,5.268165721727588,1.6119332198730414,1.590749713727422
697,160,2.7873338907102565,1.6330681810246896,1.2548049713036207
698,160,4.05009469119007,2.3060853653095204,2.022802668015361
699,160,2.2176632160923657,2.218245291475729,1.4105792009541656
700,160,2.4698293165347054,1.3576983178397866,0.5626117435033977
701,160,3.119710537129971,1.825362280444374,1.2807618088395265
702,160,2.7880920853251423,2.6040309501779735,1.9130367899965262
703,160,2.2477690851208667,1.3967050607128917,1.0338003793468165
704,160,4.029139518971672,2.820594662300906,1.9989498100474445
705,160,2.1458097997967376,1.7438802249847714,1.565602795361157
706,160,2.8413135204668416,1.7972177502637519,1.6508084569421917
707,160,2.59413583206636,2.125079784179658,1.6864610177284822
708,160,4.2204241896288055,2.2713234742438564,2.026619040693147
709,160,2.3814020389900996,2.35716390700296,1.5340934699450415
710,160,2.90408312554489,1.7674602344794137,1.5028859406539001
711,160,3.378978447874091,2.419049182222646,2.196841213853482
712,160,4.432330681587123,2.7753605428578823,2.667005856531636
713,160,2.174270196909016,1.7301766497244475,0.864349905223242
714,160,2.846456241924826,1.9718853759363388,1.6007403453069409
715,160,2.2908330841399778,2.328490400389678,1.1251926142408415
716,160,2.219363247759382,2.357367331989483,1.6897780704690082
717,160,2.3239952692519092,2.013465979805437,1.3597247658184284
718,160,1.83823139071584,2.418725046150957,1.4193765031746153
719,160,3.2860327611480216,1.2717286070963179,1.2717286070963179
720,160,3.233342531091781,2.483589863841046,1.8393730931536991
721,160,5.136704705386009,2.2447065519396285,2.0287948867322383
722,160,3.459288885838102,1.5658431340193362,1.3164213173630523
723,160,2.783887765167609,1.4706633743135218,1.1434825214568962
724,160,1.597234384038912,1.668416826443292,1.1166685273635226
725,160,1.7717454395798449,1.385338320962235,1.0296778257312664
726,160,1.7576718535125637,1.7863093349706787,0.9252439214315772
727,160,2.414184268885637,2.5170174587116234,1.6829439887981348
728,160,2.703822455976835,2.04223898518596,1.410661600766663
729,160,2.242207526678011,1.6250054930611957,1.0661128945915368
730,160,2.2795899151281334,2.3146033116432934,1.231495736241761
731,160,3.993838511794247,2.212532383300553,2.068576042532336
732,160,3.136351169050116,2.9147832313677826,1.8681978971361617
733,160,4.539135539185684,2.535570432600431,2.3960270237483114
734,160,1.9517974700926377,1.9057515741635869,1.2543327388559709
735,160,2.451899158664239,2.051378841157407,1.8127245261584473
736,160,3.375492755590929,2.4693686617898343,1.8822048287031898
737,160,4.635726931561407,2.3503282352739685,2.3503282352739685
738,160,2.2546639327380227,1.7124147147805608,1.3719436234649822
739,160,3.865034319774456,2.966706056039254,2.249261207138722
740,160,2.3567796275502344,1.460990106117298,0.8549579188383644
741,160,1.7014451638049575,2.054244401069205,1.207837111518692
742,160,2.5430703368148,3.0870849102585938,2.2314990792851725
743,160,2.9516964663236505,1.7725394309313263,1.673899774898781
744,160,3.3495421306424307,2.7207679447194706,2.4747372065033466
745,160,3.7592663535224706,2.389979318733801,2.1814896503450942
746,160,3.2234028044904357,2.0854185935882668,1.7351524645320786
747,160,2.5337938206789112,1.5640648113358226,1.1475321741654787
748,160,3.0308110868936966,1.998812373823764,1.8032145139164322
749,160,2.575654985214191,2.4845790885017753,1.9047709683230907
